masks,images
Human_Segmentation_DS/Ground_Truth/1.png,Human_Segmentation_DS/Training_Images/1.jpg
Human_Segmentation_DS/Ground_Truth/10.png,Human_Segmentation_DS/Training_Images/10.jpg
Human_Segmentation_DS/Ground_Truth/100.png,Human_Segmentation_DS/Training_Images/100.jpg
Human_Segmentation_DS/Ground_Truth/101.png,Human_Segmentation_DS/Training_Images/101.jpg
Human_Segmentation_DS/Ground_Truth/102.png,Human_Segmentation_DS/Training_Images/102.jpg
Human_Segmentation_DS/Ground_Truth/103.png,Human_Segmentation_DS/Training_Images/103.jpg
Human_Segmentation_DS/Ground_Truth/104.png,Human_Segmentation_DS/Training_Images/104.jpg
Human_Segmentation_DS/Ground_Truth/105.png,Human_Segmentation_DS/Training_Images/105.jpg
Human_Segmentation_DS/Ground_Truth/106.png,Human_Segmentation_DS/Training_Images/106.jpg
Human_Segmentation_DS/Ground_Truth/107.png,Human_Segmentation_DS/Training_Images/107.jpg
Human_Segmentation_DS/Ground_Truth/108.png,Human_Segmentation_DS/Training_Images/108.jpg
Human_Segmentation_DS/Ground_Truth/109.png,Human_Segmentation_DS/Training_Images/109.jpg
Human_Segmentation_DS/Ground_Truth/11.png,Human_Segmentation_DS/Training_Images/11.jpg
Human_Segmentation_DS/Ground_Truth/110.png,Human_Segmentation_DS/Training_Images/110.jpg
Human_Segmentation_DS/Ground_Truth/111.png,Human_Segmentation_DS/Training_Images/111.jpg
Human_Segmentation_DS/Ground_Truth/112.png,Human_Segmentation_DS/Training_Images/112.jpg
Human_Segmentation_DS/Ground_Truth/113.png,Human_Segmentation_DS/Training_Images/113.jpg
Human_Segmentation_DS/Ground_Truth/114.png,Human_Segmentation_DS/Training_Images/114.jpg
Human_Segmentation_DS/Ground_Truth/115.png,Human_Segmentation_DS/Training_Images/115.jpg
Human_Segmentation_DS/Ground_Truth/116.png,Human_Segmentation_DS/Training_Images/116.jpg
Human_Segmentation_DS/Ground_Truth/117.png,Human_Segmentation_DS/Training_Images/117.jpg
Human_Segmentation_DS/Ground_Truth/118.png,Human_Segmentation_DS/Training_Images/118.jpg
Human_Segmentation_DS/Ground_Truth/119.png,Human_Segmentation_DS/Training_Images/119.jpg
Human_Segmentation_DS/Ground_Truth/12.png,Human_Segmentation_DS/Training_Images/12.jpg
Human_Segmentation_DS/Ground_Truth/120.png,Human_Segmentation_DS/Training_Images/120.jpg
Human_Segmentation_DS/Ground_Truth/121.png,Human_Segmentation_DS/Training_Images/121.jpg
Human_Segmentation_DS/Ground_Truth/122.png,Human_Segmentation_DS/Training_Images/122.jpg
Human_Segmentation_DS/Ground_Truth/123.png,Human_Segmentation_DS/Training_Images/123.jpg
Human_Segmentation_DS/Ground_Truth/124.png,Human_Segmentation_DS/Training_Images/124.jpg
Human_Segmentation_DS/Ground_Truth/125.png,Human_Segmentation_DS/Training_Images/125.jpg
Human_Segmentation_DS/Ground_Truth/126.png,Human_Segmentation_DS/Training_Images/126.jpg
Human_Segmentation_DS/Ground_Truth/127.png,Human_Segmentation_DS/Training_Images/127.jpg
Human_Segmentation_DS/Ground_Truth/128.png,Human_Segmentation_DS/Training_Images/128.jpg
Human_Segmentation_DS/Ground_Truth/129.png,Human_Segmentation_DS/Training_Images/129.jpg
Human_Segmentation_DS/Ground_Truth/13.png,Human_Segmentation_DS/Training_Images/13.jpg
Human_Segmentation_DS/Ground_Truth/130.png,Human_Segmentation_DS/Training_Images/130.jpg
Human_Segmentation_DS/Ground_Truth/131.png,Human_Segmentation_DS/Training_Images/131.jpg
Human_Segmentation_DS/Ground_Truth/132.png,Human_Segmentation_DS/Training_Images/132.jpg
Human_Segmentation_DS/Ground_Truth/133.png,Human_Segmentation_DS/Training_Images/133.jpg
Human_Segmentation_DS/Ground_Truth/134.png,Human_Segmentation_DS/Training_Images/134.jpg
Human_Segmentation_DS/Ground_Truth/135.png,Human_Segmentation_DS/Training_Images/135.jpg
Human_Segmentation_DS/Ground_Truth/136.png,Human_Segmentation_DS/Training_Images/136.jpg
Human_Segmentation_DS/Ground_Truth/137.png,Human_Segmentation_DS/Training_Images/137.jpg
Human_Segmentation_DS/Ground_Truth/138.png,Human_Segmentation_DS/Training_Images/138.jpg
Human_Segmentation_DS/Ground_Truth/139.png,Human_Segmentation_DS/Training_Images/139.jpg
Human_Segmentation_DS/Ground_Truth/14.png,Human_Segmentation_DS/Training_Images/14.jpg
Human_Segmentation_DS/Ground_Truth/140.png,Human_Segmentation_DS/Training_Images/140.jpg
Human_Segmentation_DS/Ground_Truth/141.png,Human_Segmentation_DS/Training_Images/141.jpg
Human_Segmentation_DS/Ground_Truth/142.png,Human_Segmentation_DS/Training_Images/142.jpg
Human_Segmentation_DS/Ground_Truth/143.png,Human_Segmentation_DS/Training_Images/143.jpg
Human_Segmentation_DS/Ground_Truth/144.png,Human_Segmentation_DS/Training_Images/144.jpg
Human_Segmentation_DS/Ground_Truth/145.png,Human_Segmentation_DS/Training_Images/145.jpg
Human_Segmentation_DS/Ground_Truth/146.png,Human_Segmentation_DS/Training_Images/146.jpg
Human_Segmentation_DS/Ground_Truth/147.png,Human_Segmentation_DS/Training_Images/147.jpg
Human_Segmentation_DS/Ground_Truth/148.png,Human_Segmentation_DS/Training_Images/148.jpg
Human_Segmentation_DS/Ground_Truth/149.png,Human_Segmentation_DS/Training_Images/149.jpg
Human_Segmentation_DS/Ground_Truth/15.png,Human_Segmentation_DS/Training_Images/15.jpg
Human_Segmentation_DS/Ground_Truth/150.png,Human_Segmentation_DS/Training_Images/150.jpg
Human_Segmentation_DS/Ground_Truth/151.png,Human_Segmentation_DS/Training_Images/151.jpg
Human_Segmentation_DS/Ground_Truth/152.png,Human_Segmentation_DS/Training_Images/152.jpg
Human_Segmentation_DS/Ground_Truth/153.png,Human_Segmentation_DS/Training_Images/153.jpg
Human_Segmentation_DS/Ground_Truth/154.png,Human_Segmentation_DS/Training_Images/154.jpg
Human_Segmentation_DS/Ground_Truth/155.png,Human_Segmentation_DS/Training_Images/155.jpg
Human_Segmentation_DS/Ground_Truth/156.png,Human_Segmentation_DS/Training_Images/156.jpg
Human_Segmentation_DS/Ground_Truth/157.png,Human_Segmentation_DS/Training_Images/157.jpg
Human_Segmentation_DS/Ground_Truth/158.png,Human_Segmentation_DS/Training_Images/158.jpg
Human_Segmentation_DS/Ground_Truth/159.png,Human_Segmentation_DS/Training_Images/159.jpg
Human_Segmentation_DS/Ground_Truth/16.png,Human_Segmentation_DS/Training_Images/16.jpg
Human_Segmentation_DS/Ground_Truth/160.png,Human_Segmentation_DS/Training_Images/160.jpg
Human_Segmentation_DS/Ground_Truth/161.png,Human_Segmentation_DS/Training_Images/161.jpg
Human_Segmentation_DS/Ground_Truth/162.png,Human_Segmentation_DS/Training_Images/162.jpg
Human_Segmentation_DS/Ground_Truth/163.png,Human_Segmentation_DS/Training_Images/163.jpg
Human_Segmentation_DS/Ground_Truth/164.png,Human_Segmentation_DS/Training_Images/164.jpg
Human_Segmentation_DS/Ground_Truth/165.png,Human_Segmentation_DS/Training_Images/165.jpg
Human_Segmentation_DS/Ground_Truth/166.png,Human_Segmentation_DS/Training_Images/166.jpg
Human_Segmentation_DS/Ground_Truth/167.png,Human_Segmentation_DS/Training_Images/167.jpg
Human_Segmentation_DS/Ground_Truth/168.png,Human_Segmentation_DS/Training_Images/168.jpg
Human_Segmentation_DS/Ground_Truth/169.png,Human_Segmentation_DS/Training_Images/169.jpg
Human_Segmentation_DS/Ground_Truth/17.png,Human_Segmentation_DS/Training_Images/17.jpg
Human_Segmentation_DS/Ground_Truth/170.png,Human_Segmentation_DS/Training_Images/170.jpg
Human_Segmentation_DS/Ground_Truth/171.png,Human_Segmentation_DS/Training_Images/171.jpg
Human_Segmentation_DS/Ground_Truth/172.png,Human_Segmentation_DS/Training_Images/172.jpg
Human_Segmentation_DS/Ground_Truth/173.png,Human_Segmentation_DS/Training_Images/173.jpg
Human_Segmentation_DS/Ground_Truth/174.png,Human_Segmentation_DS/Training_Images/174.jpg
Human_Segmentation_DS/Ground_Truth/175.png,Human_Segmentation_DS/Training_Images/175.jpg
Human_Segmentation_DS/Ground_Truth/176.png,Human_Segmentation_DS/Training_Images/176.jpg
Human_Segmentation_DS/Ground_Truth/177.png,Human_Segmentation_DS/Training_Images/177.jpg
Human_Segmentation_DS/Ground_Truth/178.png,Human_Segmentation_DS/Training_Images/178.jpg
Human_Segmentation_DS/Ground_Truth/179.png,Human_Segmentation_DS/Training_Images/179.jpg
Human_Segmentation_DS/Ground_Truth/18.png,Human_Segmentation_DS/Training_Images/18.jpg
Human_Segmentation_DS/Ground_Truth/180.png,Human_Segmentation_DS/Training_Images/180.jpg
Human_Segmentation_DS/Ground_Truth/181.png,Human_Segmentation_DS/Training_Images/181.jpg
Human_Segmentation_DS/Ground_Truth/182.png,Human_Segmentation_DS/Training_Images/182.jpg
Human_Segmentation_DS/Ground_Truth/183.png,Human_Segmentation_DS/Training_Images/183.jpg
Human_Segmentation_DS/Ground_Truth/184.png,Human_Segmentation_DS/Training_Images/184.jpg
Human_Segmentation_DS/Ground_Truth/185.png,Human_Segmentation_DS/Training_Images/185.jpg
Human_Segmentation_DS/Ground_Truth/186.png,Human_Segmentation_DS/Training_Images/186.jpg
Human_Segmentation_DS/Ground_Truth/187.png,Human_Segmentation_DS/Training_Images/187.jpg
Human_Segmentation_DS/Ground_Truth/188.png,Human_Segmentation_DS/Training_Images/188.jpg
Human_Segmentation_DS/Ground_Truth/189.png,Human_Segmentation_DS/Training_Images/189.jpg
Human_Segmentation_DS/Ground_Truth/19.png,Human_Segmentation_DS/Training_Images/19.jpg
Human_Segmentation_DS/Ground_Truth/190.png,Human_Segmentation_DS/Training_Images/190.jpg
Human_Segmentation_DS/Ground_Truth/191.png,Human_Segmentation_DS/Training_Images/191.jpg
Human_Segmentation_DS/Ground_Truth/192.png,Human_Segmentation_DS/Training_Images/192.jpg
Human_Segmentation_DS/Ground_Truth/193.png,Human_Segmentation_DS/Training_Images/193.jpg
Human_Segmentation_DS/Ground_Truth/194.png,Human_Segmentation_DS/Training_Images/194.jpg
Human_Segmentation_DS/Ground_Truth/195.png,Human_Segmentation_DS/Training_Images/195.jpg
Human_Segmentation_DS/Ground_Truth/196.png,Human_Segmentation_DS/Training_Images/196.jpg
Human_Segmentation_DS/Ground_Truth/197.png,Human_Segmentation_DS/Training_Images/197.jpg
Human_Segmentation_DS/Ground_Truth/198.png,Human_Segmentation_DS/Training_Images/198.jpg
Human_Segmentation_DS/Ground_Truth/199.png,Human_Segmentation_DS/Training_Images/199.jpg
Human_Segmentation_DS/Ground_Truth/2.png,Human_Segmentation_DS/Training_Images/2.jpg
Human_Segmentation_DS/Ground_Truth/20.png,Human_Segmentation_DS/Training_Images/20.jpg
Human_Segmentation_DS/Ground_Truth/200.png,Human_Segmentation_DS/Training_Images/200.jpg
Human_Segmentation_DS/Ground_Truth/201.png,Human_Segmentation_DS/Training_Images/201.jpg
Human_Segmentation_DS/Ground_Truth/202.png,Human_Segmentation_DS/Training_Images/202.jpg
Human_Segmentation_DS/Ground_Truth/203.png,Human_Segmentation_DS/Training_Images/203.jpg
Human_Segmentation_DS/Ground_Truth/204.png,Human_Segmentation_DS/Training_Images/204.jpg
Human_Segmentation_DS/Ground_Truth/205.png,Human_Segmentation_DS/Training_Images/205.jpg
Human_Segmentation_DS/Ground_Truth/206.png,Human_Segmentation_DS/Training_Images/206.jpg
Human_Segmentation_DS/Ground_Truth/207.png,Human_Segmentation_DS/Training_Images/207.jpg
Human_Segmentation_DS/Ground_Truth/208.png,Human_Segmentation_DS/Training_Images/208.jpg
Human_Segmentation_DS/Ground_Truth/209.png,Human_Segmentation_DS/Training_Images/209.jpg
Human_Segmentation_DS/Ground_Truth/21.png,Human_Segmentation_DS/Training_Images/21.jpg
Human_Segmentation_DS/Ground_Truth/210.png,Human_Segmentation_DS/Training_Images/210.jpg
Human_Segmentation_DS/Ground_Truth/211.png,Human_Segmentation_DS/Training_Images/211.jpg
Human_Segmentation_DS/Ground_Truth/212.png,Human_Segmentation_DS/Training_Images/212.jpg
Human_Segmentation_DS/Ground_Truth/213.png,Human_Segmentation_DS/Training_Images/213.jpg
Human_Segmentation_DS/Ground_Truth/214.png,Human_Segmentation_DS/Training_Images/214.jpg
Human_Segmentation_DS/Ground_Truth/215.png,Human_Segmentation_DS/Training_Images/215.jpg
Human_Segmentation_DS/Ground_Truth/216.png,Human_Segmentation_DS/Training_Images/216.jpg
Human_Segmentation_DS/Ground_Truth/217.png,Human_Segmentation_DS/Training_Images/217.jpg
Human_Segmentation_DS/Ground_Truth/218.png,Human_Segmentation_DS/Training_Images/218.jpg
Human_Segmentation_DS/Ground_Truth/219.png,Human_Segmentation_DS/Training_Images/219.jpg
Human_Segmentation_DS/Ground_Truth/22.png,Human_Segmentation_DS/Training_Images/22.jpg
Human_Segmentation_DS/Ground_Truth/220.png,Human_Segmentation_DS/Training_Images/220.jpg
Human_Segmentation_DS/Ground_Truth/221.png,Human_Segmentation_DS/Training_Images/221.jpg
Human_Segmentation_DS/Ground_Truth/222.png,Human_Segmentation_DS/Training_Images/222.jpg
Human_Segmentation_DS/Ground_Truth/223.png,Human_Segmentation_DS/Training_Images/223.jpg
Human_Segmentation_DS/Ground_Truth/224.png,Human_Segmentation_DS/Training_Images/224.jpg
Human_Segmentation_DS/Ground_Truth/225.png,Human_Segmentation_DS/Training_Images/225.jpg
Human_Segmentation_DS/Ground_Truth/226.png,Human_Segmentation_DS/Training_Images/226.jpg
Human_Segmentation_DS/Ground_Truth/227.png,Human_Segmentation_DS/Training_Images/227.jpg
Human_Segmentation_DS/Ground_Truth/228.png,Human_Segmentation_DS/Training_Images/228.jpg
Human_Segmentation_DS/Ground_Truth/229.png,Human_Segmentation_DS/Training_Images/229.jpg
Human_Segmentation_DS/Ground_Truth/23.png,Human_Segmentation_DS/Training_Images/23.jpg
Human_Segmentation_DS/Ground_Truth/230.png,Human_Segmentation_DS/Training_Images/230.jpg
Human_Segmentation_DS/Ground_Truth/231.png,Human_Segmentation_DS/Training_Images/231.jpg
Human_Segmentation_DS/Ground_Truth/232.png,Human_Segmentation_DS/Training_Images/232.jpg
Human_Segmentation_DS/Ground_Truth/233.png,Human_Segmentation_DS/Training_Images/233.jpg
Human_Segmentation_DS/Ground_Truth/234.png,Human_Segmentation_DS/Training_Images/234.jpg
Human_Segmentation_DS/Ground_Truth/235.png,Human_Segmentation_DS/Training_Images/235.jpg
Human_Segmentation_DS/Ground_Truth/236.png,Human_Segmentation_DS/Training_Images/236.jpg
Human_Segmentation_DS/Ground_Truth/237.png,Human_Segmentation_DS/Training_Images/237.jpg
Human_Segmentation_DS/Ground_Truth/238.png,Human_Segmentation_DS/Training_Images/238.jpg
Human_Segmentation_DS/Ground_Truth/239.png,Human_Segmentation_DS/Training_Images/239.jpg
Human_Segmentation_DS/Ground_Truth/24.png,Human_Segmentation_DS/Training_Images/24.jpg
Human_Segmentation_DS/Ground_Truth/240.png,Human_Segmentation_DS/Training_Images/240.jpg
Human_Segmentation_DS/Ground_Truth/241.png,Human_Segmentation_DS/Training_Images/241.jpg
Human_Segmentation_DS/Ground_Truth/242.png,Human_Segmentation_DS/Training_Images/242.jpg
Human_Segmentation_DS/Ground_Truth/243.png,Human_Segmentation_DS/Training_Images/243.jpg
Human_Segmentation_DS/Ground_Truth/244.png,Human_Segmentation_DS/Training_Images/244.jpg
Human_Segmentation_DS/Ground_Truth/245.png,Human_Segmentation_DS/Training_Images/245.jpg
Human_Segmentation_DS/Ground_Truth/246.png,Human_Segmentation_DS/Training_Images/246.jpg
Human_Segmentation_DS/Ground_Truth/247.png,Human_Segmentation_DS/Training_Images/247.jpg
Human_Segmentation_DS/Ground_Truth/248.png,Human_Segmentation_DS/Training_Images/248.jpg
Human_Segmentation_DS/Ground_Truth/249.png,Human_Segmentation_DS/Training_Images/249.jpg
Human_Segmentation_DS/Ground_Truth/25.png,Human_Segmentation_DS/Training_Images/25.jpg
Human_Segmentation_DS/Ground_Truth/250.png,Human_Segmentation_DS/Training_Images/250.jpg
Human_Segmentation_DS/Ground_Truth/251.png,Human_Segmentation_DS/Training_Images/251.jpg
Human_Segmentation_DS/Ground_Truth/252.png,Human_Segmentation_DS/Training_Images/252.jpg
Human_Segmentation_DS/Ground_Truth/253.png,Human_Segmentation_DS/Training_Images/253.jpg
Human_Segmentation_DS/Ground_Truth/254.png,Human_Segmentation_DS/Training_Images/254.jpg
Human_Segmentation_DS/Ground_Truth/255.png,Human_Segmentation_DS/Training_Images/255.jpg
Human_Segmentation_DS/Ground_Truth/256.png,Human_Segmentation_DS/Training_Images/256.jpg
Human_Segmentation_DS/Ground_Truth/257.png,Human_Segmentation_DS/Training_Images/257.jpg
Human_Segmentation_DS/Ground_Truth/258.png,Human_Segmentation_DS/Training_Images/258.jpg
Human_Segmentation_DS/Ground_Truth/259.png,Human_Segmentation_DS/Training_Images/259.jpg
Human_Segmentation_DS/Ground_Truth/26.png,Human_Segmentation_DS/Training_Images/26.jpg
Human_Segmentation_DS/Ground_Truth/260.png,Human_Segmentation_DS/Training_Images/260.jpg
Human_Segmentation_DS/Ground_Truth/261.png,Human_Segmentation_DS/Training_Images/261.jpg
Human_Segmentation_DS/Ground_Truth/262.png,Human_Segmentation_DS/Training_Images/262.jpg
Human_Segmentation_DS/Ground_Truth/263.png,Human_Segmentation_DS/Training_Images/263.jpg
Human_Segmentation_DS/Ground_Truth/264.png,Human_Segmentation_DS/Training_Images/264.jpg
Human_Segmentation_DS/Ground_Truth/265.png,Human_Segmentation_DS/Training_Images/265.jpg
Human_Segmentation_DS/Ground_Truth/266.png,Human_Segmentation_DS/Training_Images/266.jpg
Human_Segmentation_DS/Ground_Truth/267.png,Human_Segmentation_DS/Training_Images/267.jpg
Human_Segmentation_DS/Ground_Truth/268.png,Human_Segmentation_DS/Training_Images/268.jpg
Human_Segmentation_DS/Ground_Truth/269.png,Human_Segmentation_DS/Training_Images/269.jpg
Human_Segmentation_DS/Ground_Truth/27.png,Human_Segmentation_DS/Training_Images/27.jpg
Human_Segmentation_DS/Ground_Truth/270.png,Human_Segmentation_DS/Training_Images/270.jpg
Human_Segmentation_DS/Ground_Truth/271.png,Human_Segmentation_DS/Training_Images/271.jpg
Human_Segmentation_DS/Ground_Truth/272.png,Human_Segmentation_DS/Training_Images/272.jpg
Human_Segmentation_DS/Ground_Truth/273.png,Human_Segmentation_DS/Training_Images/273.jpg
Human_Segmentation_DS/Ground_Truth/274.png,Human_Segmentation_DS/Training_Images/274.jpg
Human_Segmentation_DS/Ground_Truth/275.png,Human_Segmentation_DS/Training_Images/275.jpg
Human_Segmentation_DS/Ground_Truth/276.png,Human_Segmentation_DS/Training_Images/276.jpg
Human_Segmentation_DS/Ground_Truth/277.png,Human_Segmentation_DS/Training_Images/277.jpg
Human_Segmentation_DS/Ground_Truth/278.png,Human_Segmentation_DS/Training_Images/278.jpg
Human_Segmentation_DS/Ground_Truth/279.png,Human_Segmentation_DS/Training_Images/279.jpg
Human_Segmentation_DS/Ground_Truth/28.png,Human_Segmentation_DS/Training_Images/28.jpg
Human_Segmentation_DS/Ground_Truth/280.png,Human_Segmentation_DS/Training_Images/280.jpg
Human_Segmentation_DS/Ground_Truth/281.png,Human_Segmentation_DS/Training_Images/281.jpg
Human_Segmentation_DS/Ground_Truth/282.png,Human_Segmentation_DS/Training_Images/282.jpg
Human_Segmentation_DS/Ground_Truth/283.png,Human_Segmentation_DS/Training_Images/283.jpg
Human_Segmentation_DS/Ground_Truth/284.png,Human_Segmentation_DS/Training_Images/284.jpg
Human_Segmentation_DS/Ground_Truth/285.png,Human_Segmentation_DS/Training_Images/285.jpg
Human_Segmentation_DS/Ground_Truth/286.png,Human_Segmentation_DS/Training_Images/286.jpg
Human_Segmentation_DS/Ground_Truth/287.png,Human_Segmentation_DS/Training_Images/287.jpg
Human_Segmentation_DS/Ground_Truth/288.png,Human_Segmentation_DS/Training_Images/288.jpg
Human_Segmentation_DS/Ground_Truth/289.png,Human_Segmentation_DS/Training_Images/289.jpg
Human_Segmentation_DS/Ground_Truth/29.png,Human_Segmentation_DS/Training_Images/29.jpg
Human_Segmentation_DS/Ground_Truth/3.png,Human_Segmentation_DS/Training_Images/3.jpg
Human_Segmentation_DS/Ground_Truth/30.png,Human_Segmentation_DS/Training_Images/30.jpg
Human_Segmentation_DS/Ground_Truth/300.png,Human_Segmentation_DS/Training_Images/300.jpg
Human_Segmentation_DS/Ground_Truth/31.png,Human_Segmentation_DS/Training_Images/31.jpg
Human_Segmentation_DS/Ground_Truth/32.png,Human_Segmentation_DS/Training_Images/32.jpg
Human_Segmentation_DS/Ground_Truth/33.png,Human_Segmentation_DS/Training_Images/33.jpg
Human_Segmentation_DS/Ground_Truth/34.png,Human_Segmentation_DS/Training_Images/34.jpg
Human_Segmentation_DS/Ground_Truth/35.png,Human_Segmentation_DS/Training_Images/35.jpg
Human_Segmentation_DS/Ground_Truth/36.png,Human_Segmentation_DS/Training_Images/36.jpg
Human_Segmentation_DS/Ground_Truth/37.png,Human_Segmentation_DS/Training_Images/37.jpg
Human_Segmentation_DS/Ground_Truth/38.png,Human_Segmentation_DS/Training_Images/38.jpg
Human_Segmentation_DS/Ground_Truth/39.png,Human_Segmentation_DS/Training_Images/39.jpg
Human_Segmentation_DS/Ground_Truth/4.png,Human_Segmentation_DS/Training_Images/4.jpg
Human_Segmentation_DS/Ground_Truth/40.png,Human_Segmentation_DS/Training_Images/40.jpg
Human_Segmentation_DS/Ground_Truth/41.png,Human_Segmentation_DS/Training_Images/41.jpg
Human_Segmentation_DS/Ground_Truth/42.png,Human_Segmentation_DS/Training_Images/42.jpg
Human_Segmentation_DS/Ground_Truth/43.png,Human_Segmentation_DS/Training_Images/43.jpg
Human_Segmentation_DS/Ground_Truth/44.png,Human_Segmentation_DS/Training_Images/44.jpg
Human_Segmentation_DS/Ground_Truth/45.png,Human_Segmentation_DS/Training_Images/45.jpg
Human_Segmentation_DS/Ground_Truth/46.png,Human_Segmentation_DS/Training_Images/46.jpg
Human_Segmentation_DS/Ground_Truth/47.png,Human_Segmentation_DS/Training_Images/47.jpg
Human_Segmentation_DS/Ground_Truth/48.png,Human_Segmentation_DS/Training_Images/48.jpg
Human_Segmentation_DS/Ground_Truth/49.png,Human_Segmentation_DS/Training_Images/49.jpg
Human_Segmentation_DS/Ground_Truth/5.png,Human_Segmentation_DS/Training_Images/5.jpg
Human_Segmentation_DS/Ground_Truth/50.png,Human_Segmentation_DS/Training_Images/50.jpg
Human_Segmentation_DS/Ground_Truth/51.png,Human_Segmentation_DS/Training_Images/51.jpg
Human_Segmentation_DS/Ground_Truth/52.png,Human_Segmentation_DS/Training_Images/52.jpg
Human_Segmentation_DS/Ground_Truth/53.png,Human_Segmentation_DS/Training_Images/53.jpg
Human_Segmentation_DS/Ground_Truth/54.png,Human_Segmentation_DS/Training_Images/54.jpg
Human_Segmentation_DS/Ground_Truth/55.png,Human_Segmentation_DS/Training_Images/55.jpg
Human_Segmentation_DS/Ground_Truth/56.png,Human_Segmentation_DS/Training_Images/56.jpg
Human_Segmentation_DS/Ground_Truth/57.png,Human_Segmentation_DS/Training_Images/57.jpg
Human_Segmentation_DS/Ground_Truth/58.png,Human_Segmentation_DS/Training_Images/58.jpg
Human_Segmentation_DS/Ground_Truth/59.png,Human_Segmentation_DS/Training_Images/59.jpg
Human_Segmentation_DS/Ground_Truth/6.png,Human_Segmentation_DS/Training_Images/6.jpg
Human_Segmentation_DS/Ground_Truth/60.png,Human_Segmentation_DS/Training_Images/60.jpg
Human_Segmentation_DS/Ground_Truth/61.png,Human_Segmentation_DS/Training_Images/61.jpg
Human_Segmentation_DS/Ground_Truth/62.png,Human_Segmentation_DS/Training_Images/62.jpg
Human_Segmentation_DS/Ground_Truth/63.png,Human_Segmentation_DS/Training_Images/63.jpg
Human_Segmentation_DS/Ground_Truth/64.png,Human_Segmentation_DS/Training_Images/64.jpg
Human_Segmentation_DS/Ground_Truth/65.png,Human_Segmentation_DS/Training_Images/65.jpg
Human_Segmentation_DS/Ground_Truth/66.png,Human_Segmentation_DS/Training_Images/66.jpg
Human_Segmentation_DS/Ground_Truth/67.png,Human_Segmentation_DS/Training_Images/67.jpg
Human_Segmentation_DS/Ground_Truth/68.png,Human_Segmentation_DS/Training_Images/68.jpg
Human_Segmentation_DS/Ground_Truth/69.png,Human_Segmentation_DS/Training_Images/69.jpg
Human_Segmentation_DS/Ground_Truth/7.png,Human_Segmentation_DS/Training_Images/7.jpg
Human_Segmentation_DS/Ground_Truth/70.png,Human_Segmentation_DS/Training_Images/70.jpg
Human_Segmentation_DS/Ground_Truth/71.png,Human_Segmentation_DS/Training_Images/71.jpg
Human_Segmentation_DS/Ground_Truth/72.png,Human_Segmentation_DS/Training_Images/72.jpg
Human_Segmentation_DS/Ground_Truth/73.png,Human_Segmentation_DS/Training_Images/73.jpg
Human_Segmentation_DS/Ground_Truth/74.png,Human_Segmentation_DS/Training_Images/74.jpg
Human_Segmentation_DS/Ground_Truth/75.png,Human_Segmentation_DS/Training_Images/75.jpg
Human_Segmentation_DS/Ground_Truth/76.png,Human_Segmentation_DS/Training_Images/76.jpg
Human_Segmentation_DS/Ground_Truth/77.png,Human_Segmentation_DS/Training_Images/77.jpg
Human_Segmentation_DS/Ground_Truth/78.png,Human_Segmentation_DS/Training_Images/78.jpg
Human_Segmentation_DS/Ground_Truth/79.png,Human_Segmentation_DS/Training_Images/79.jpg
Human_Segmentation_DS/Ground_Truth/8.png,Human_Segmentation_DS/Training_Images/8.jpg
Human_Segmentation_DS/Ground_Truth/80.png,Human_Segmentation_DS/Training_Images/80.jpg
Human_Segmentation_DS/Ground_Truth/81.png,Human_Segmentation_DS/Training_Images/81.jpg
Human_Segmentation_DS/Ground_Truth/82.png,Human_Segmentation_DS/Training_Images/82.jpg
Human_Segmentation_DS/Ground_Truth/83.png,Human_Segmentation_DS/Training_Images/83.jpg
Human_Segmentation_DS/Ground_Truth/84.png,Human_Segmentation_DS/Training_Images/84.jpg
Human_Segmentation_DS/Ground_Truth/85.png,Human_Segmentation_DS/Training_Images/85.jpg
Human_Segmentation_DS/Ground_Truth/86.png,Human_Segmentation_DS/Training_Images/86.jpg
Human_Segmentation_DS/Ground_Truth/87.png,Human_Segmentation_DS/Training_Images/87.jpg
Human_Segmentation_DS/Ground_Truth/88.png,Human_Segmentation_DS/Training_Images/88.jpg
Human_Segmentation_DS/Ground_Truth/89.png,Human_Segmentation_DS/Training_Images/89.jpg
Human_Segmentation_DS/Ground_Truth/9.png,Human_Segmentation_DS/Training_Images/9.jpg
Human_Segmentation_DS/Ground_Truth/90.png,Human_Segmentation_DS/Training_Images/90.jpg
Human_Segmentation_DS/Ground_Truth/91.png,Human_Segmentation_DS/Training_Images/91.jpg
Human_Segmentation_DS/Ground_Truth/92.png,Human_Segmentation_DS/Training_Images/92.jpg
Human_Segmentation_DS/Ground_Truth/93.png,Human_Segmentation_DS/Training_Images/93.jpg
Human_Segmentation_DS/Ground_Truth/94.png,Human_Segmentation_DS/Training_Images/94.jpg
Human_Segmentation_DS/Ground_Truth/95.png,Human_Segmentation_DS/Training_Images/95.jpg
Human_Segmentation_DS/Ground_Truth/96.png,Human_Segmentation_DS/Training_Images/96.jpg
Human_Segmentation_DS/Ground_Truth/97.png,Human_Segmentation_DS/Training_Images/97.jpg
Human_Segmentation_DS/Ground_Truth/98.png,Human_Segmentation_DS/Training_Images/98.jpg
Human_Segmentation_DS/Ground_Truth/99.png,Human_Segmentation_DS/Training_Images/99.jpg
